area_id	subtotal_type	RSReg	RSCst	RSRej	RSOvr	RSUnd	RSTot	RSWri	X01401:DAVID CHIU	X01402:Starchild
ALLPCTS	TO	0	0	0	0	0	0	0	0	0
ALLPCTS	ED	0	0	0	0	0	0	0	0	0
ALLPCTS	MV	0	0	0	0	0	0	0	0	0
PCT1141	MV	0	0	0	0	0	0	0	0	0
PCT1141	ED	0	0	0	0	0	0	0	0	0
PCT1141	TO	0	0	0	0	0	0	0	0	0
PCT1142	MV	0	0	0	0	0	0	0	0	0
PCT1142	ED	0	0	0	0	0	0	0	0	0
PCT1142	TO	0	0	0	0	0	0	0	0	0
PCT1143	MV	0	0	0	0	0	0	0	0	0
PCT1143	ED	0	0	0	0	0	0	0	0	0
PCT1143	TO	0	0	0	0	0	0	0	0	0
PCT1144	MV	0	0	0	0	0	0	0	0	0
PCT1144	ED	0	0	0	0	0	0	0	0	0
PCT1144	TO	0	0	0	0	0	0	0	0	0
PCT1145	MV	0	0	0	0	0	0	0	0	0
PCT1145	ED	0	0	0	0	0	0	0	0	0
PCT1145	TO	0	0	0	0	0	0	0	0	0
PCT1146	MV	0	0	0	0	0	0	0	0	0
PCT1146	ED	0	0	0	0	0	0	0	0	0
PCT1146	TO	0	0	0	0	0	0	0	0	0
PCT1147	MV	0	0	0	0	0	0	0	0	0
PCT1147	ED	0	0	0	0	0	0	0	0	0
PCT1147	TO	0	0	0	0	0	0	0	0	0
PCT1148	MV	0	0	0	0	0	0	0	0	0
PCT1148	ED	0	0	0	0	0	0	0	0	0
PCT1148	TO	0	0	0	0	0	0	0	0	0
PCT1149	MV	0	0	0	0	0	0	0	0	0
PCT1149	ED	0	0	0	0	0	0	0	0	0
PCT1149	TO	0	0	0	0	0	0	0	0	0
PCT1151	MV	0	0	0	0	0	0	0	0	0
PCT1151	ED	0	0	0	0	0	0	0	0	0
PCT1151	TO	0	0	0	0	0	0	0	0	0
PCT1152	MV	0	0	0	0	0	0	0	0	0
PCT1152	ED	0	0	0	0	0	0	0	0	0
PCT1152	TO	0	0	0	0	0	0	0	0	0
PCT1153	MV	0	0	0	0	0	0	0	0	0
PCT1153	ED	0	0	0	0	0	0	0	0	0
PCT1153	TO	0	0	0	0	0	0	0	0	0
PCT1154	MV	0	0	0	0	0	0	0	0	0
PCT1154	ED	0	0	0	0	0	0	0	0	0
PCT1154	TO	0	0	0	0	0	0	0	0	0
PCT7001	MV	0	0	0	0	0	0	0	0	0
PCT7001	ED	0	0	0	0	0	0	0	0	0
PCT7001	TO	0	0	0	0	0	0	0	0	0
PCT7002	MV	0	0	0	0	0	0	0	0	0
PCT7002	ED	0	0	0	0	0	0	0	0	0
PCT7002	TO	0	0	0	0	0	0	0	0	0
PCT7003	MV	0	0	0	0	0	0	0	0	0
PCT7003	ED	0	0	0	0	0	0	0	0	0
PCT7003	TO	0	0	0	0	0	0	0	0	0
PCT7004	MV	0	0	0	0	0	0	0	0	0
PCT7004	ED	0	0	0	0	0	0	0	0	0
PCT7004	TO	0	0	0	0	0	0	0	0	0
PCT7005	MV	0	0	0	0	0	0	0	0	0
PCT7005	ED	0	0	0	0	0	0	0	0	0
PCT7005	TO	0	0	0	0	0	0	0	0	0
PCT7006	MV	0	0	0	0	0	0	0	0	0
PCT7006	ED	0	0	0	0	0	0	0	0	0
PCT7006	TO	0	0	0	0	0	0	0	0	0
PCT7007	MV	0	0	0	0	0	0	0	0	0
PCT7007	ED	0	0	0	0	0	0	0	0	0
PCT7007	TO	0	0	0	0	0	0	0	0	0
PCT7008	MV	0	0	0	0	0	0	0	0	0
PCT7008	ED	0	0	0	0	0	0	0	0	0
PCT7008	TO	0	0	0	0	0	0	0	0	0
PCT7009	MV	0	0	0	0	0	0	0	0	0
PCT7009	ED	0	0	0	0	0	0	0	0	0
PCT7009	TO	0	0	0	0	0	0	0	0	0
PCT7011	MV	0	0	0	0	0	0	0	0	0
PCT7011	ED	0	0	0	0	0	0	0	0	0
PCT7011	TO	0	0	0	0	0	0	0	0	0
PCT7012	MV	0	0	0	0	0	0	0	0	0
PCT7012	ED	0	0	0	0	0	0	0	0	0
PCT7012	TO	0	0	0	0	0	0	0	0	0
PCT7013	MV	0	0	0	0	0	0	0	0	0
PCT7013	ED	0	0	0	0	0	0	0	0	0
PCT7013	TO	0	0	0	0	0	0	0	0	0
PCT7014	MV	0	0	0	0	0	0	0	0	0
PCT7014	ED	0	0	0	0	0	0	0	0	0
PCT7014	TO	0	0	0	0	0	0	0	0	0
PCT7015	MV	0	0	0	0	0	0	0	0	0
PCT7015	ED	0	0	0	0	0	0	0	0	0
PCT7015	TO	0	0	0	0	0	0	0	0	0
PCT7016	MV	0	0	0	0	0	0	0	0	0
PCT7016	ED	0	0	0	0	0	0	0	0	0
PCT7016	TO	0	0	0	0	0	0	0	0	0
PCT7017	MV	0	0	0	0	0	0	0	0	0
PCT7017	ED	0	0	0	0	0	0	0	0	0
PCT7017	TO	0	0	0	0	0	0	0	0	0
PCT7018	MV	0	0	0	0	0	0	0	0	0
PCT7018	ED	0	0	0	0	0	0	0	0	0
PCT7018	TO	0	0	0	0	0	0	0	0	0
PCT7019	MV	0	0	0	0	0	0	0	0	0
PCT7019	ED	0	0	0	0	0	0	0	0	0
PCT7019	TO	0	0	0	0	0	0	0	0	0
PCT7021	MV	0	0	0	0	0	0	0	0	0
PCT7021	ED	0	0	0	0	0	0	0	0	0
PCT7021	TO	0	0	0	0	0	0	0	0	0
PCT7022	MV	0	0	0	0	0	0	0	0	0
PCT7022	ED	0	0	0	0	0	0	0	0	0
PCT7022	TO	0	0	0	0	0	0	0	0	0
PCT7023	MV	0	0	0	0	0	0	0	0	0
PCT7023	ED	0	0	0	0	0	0	0	0	0
PCT7023	TO	0	0	0	0	0	0	0	0	0
PCT7024	MV	0	0	0	0	0	0	0	0	0
PCT7024	ED	0	0	0	0	0	0	0	0	0
PCT7024	TO	0	0	0	0	0	0	0	0	0
PCT7025	MV	0	0	0	0	0	0	0	0	0
PCT7025	ED	0	0	0	0	0	0	0	0	0
PCT7025	TO	0	0	0	0	0	0	0	0	0
PCT7026	MV	0	0	0	0	0	0	0	0	0
PCT7026	ED	0	0	0	0	0	0	0	0	0
PCT7026	TO	0	0	0	0	0	0	0	0	0
PCT7027	MV	0	0	0	0	0	0	0	0	0
PCT7027	ED	0	0	0	0	0	0	0	0	0
PCT7027	TO	0	0	0	0	0	0	0	0	0
PCT7028	MV	0	0	0	0	0	0	0	0	0
PCT7028	ED	0	0	0	0	0	0	0	0	0
PCT7028	TO	0	0	0	0	0	0	0	0	0
PCT7029	MV	0	0	0	0	0	0	0	0	0
PCT7029	ED	0	0	0	0	0	0	0	0	0
PCT7029	TO	0	0	0	0	0	0	0	0	0
PCT7030	MV	0	0	0	0	0	0	0	0	0
PCT7030	ED	0	0	0	0	0	0	0	0	0
PCT7030	TO	0	0	0	0	0	0	0	0	0
PCT7031	MV	0	0	0	0	0	0	0	0	0
PCT7031	ED	0	0	0	0	0	0	0	0	0
PCT7031	TO	0	0	0	0	0	0	0	0	0
PCT7032	MV	0	0	0	0	0	0	0	0	0
PCT7032	ED	0	0	0	0	0	0	0	0	0
PCT7032	TO	0	0	0	0	0	0	0	0	0
PCT7033	MV	0	0	0	0	0	0	0	0	0
PCT7033	ED	0	0	0	0	0	0	0	0	0
PCT7033	TO	0	0	0	0	0	0	0	0	0
PCT7034	MV	0	0	0	0	0	0	0	0	0
PCT7034	ED	0	0	0	0	0	0	0	0	0
PCT7034	TO	0	0	0	0	0	0	0	0	0
PCT7035	MV	0	0	0	0	0	0	0	0	0
PCT7035	ED	0	0	0	0	0	0	0	0	0
PCT7035	TO	0	0	0	0	0	0	0	0	0
PCT7036	MV	0	0	0	0	0	0	0	0	0
PCT7036	ED	0	0	0	0	0	0	0	0	0
PCT7036	TO	0	0	0	0	0	0	0	0	0
PCT7037	MV	0	0	0	0	0	0	0	0	0
PCT7037	ED	0	0	0	0	0	0	0	0	0
PCT7037	TO	0	0	0	0	0	0	0	0	0
PCT7038	MV	0	0	0	0	0	0	0	0	0
PCT7038	ED	0	0	0	0	0	0	0	0	0
PCT7038	TO	0	0	0	0	0	0	0	0	0
PCT7039	MV	0	0	0	0	0	0	0	0	0
PCT7039	ED	0	0	0	0	0	0	0	0	0
PCT7039	TO	0	0	0	0	0	0	0	0	0
PCT7041	MV	0	0	0	0	0	0	0	0	0
PCT7041	ED	0	0	0	0	0	0	0	0	0
PCT7041	TO	0	0	0	0	0	0	0	0	0
PCT7042	MV	0	0	0	0	0	0	0	0	0
PCT7042	ED	0	0	0	0	0	0	0	0	0
PCT7042	TO	0	0	0	0	0	0	0	0	0
PCT7043	MV	0	0	0	0	0	0	0	0	0
PCT7043	ED	0	0	0	0	0	0	0	0	0
PCT7043	TO	0	0	0	0	0	0	0	0	0
PCT7044	MV	0	0	0	0	0	0	0	0	0
PCT7044	ED	0	0	0	0	0	0	0	0	0
PCT7044	TO	0	0	0	0	0	0	0	0	0
PCT7045	MV	0	0	0	0	0	0	0	0	0
PCT7045	ED	0	0	0	0	0	0	0	0	0
PCT7045	TO	0	0	0	0	0	0	0	0	0
PCT7046	MV	0	0	0	0	0	0	0	0	0
PCT7046	ED	0	0	0	0	0	0	0	0	0
PCT7046	TO	0	0	0	0	0	0	0	0	0
PCT7047	MV	0	0	0	0	0	0	0	0	0
PCT7047	ED	0	0	0	0	0	0	0	0	0
PCT7047	TO	0	0	0	0	0	0	0	0	0
PCT7048	MV	0	0	0	0	0	0	0	0	0
PCT7048	ED	0	0	0	0	0	0	0	0	0
PCT7048	TO	0	0	0	0	0	0	0	0	0
PCT7049	MV	0	0	0	0	0	0	0	0	0
PCT7049	ED	0	0	0	0	0	0	0	0	0
PCT7049	TO	0	0	0	0	0	0	0	0	0
PCT7051	MV	0	0	0	0	0	0	0	0	0
PCT7051	ED	0	0	0	0	0	0	0	0	0
PCT7051	TO	0	0	0	0	0	0	0	0	0
PCT7052	MV	0	0	0	0	0	0	0	0	0
PCT7052	ED	0	0	0	0	0	0	0	0	0
PCT7052	TO	0	0	0	0	0	0	0	0	0
PCT7053	MV	0	0	0	0	0	0	0	0	0
PCT7053	ED	0	0	0	0	0	0	0	0	0
PCT7053	TO	0	0	0	0	0	0	0	0	0
PCT7054	MV	0	0	0	0	0	0	0	0	0
PCT7054	ED	0	0	0	0	0	0	0	0	0
PCT7054	TO	0	0	0	0	0	0	0	0	0
PCT7055	MV	0	0	0	0	0	0	0	0	0
PCT7055	ED	0	0	0	0	0	0	0	0	0
PCT7055	TO	0	0	0	0	0	0	0	0	0
PCT7056	MV	0	0	0	0	0	0	0	0	0
PCT7056	ED	0	0	0	0	0	0	0	0	0
PCT7056	TO	0	0	0	0	0	0	0	0	0
PCT7101	MV	0	0	0	0	0	0	0	0	0
PCT7101	ED	0	0	0	0	0	0	0	0	0
PCT7101	TO	0	0	0	0	0	0	0	0	0
PCT7201	MV	0	0	0	0	0	0	0	0	0
PCT7201	ED	0	0	0	0	0	0	0	0	0
PCT7201	TO	0	0	0	0	0	0	0	0	0
PCT7202	MV	0	0	0	0	0	0	0	0	0
PCT7202	ED	0	0	0	0	0	0	0	0	0
PCT7202	TO	0	0	0	0	0	0	0	0	0
PCT7203	MV	0	0	0	0	0	0	0	0	0
PCT7203	ED	0	0	0	0	0	0	0	0	0
PCT7203	TO	0	0	0	0	0	0	0	0	0
PCT7204	MV	0	0	0	0	0	0	0	0	0
PCT7204	ED	0	0	0	0	0	0	0	0	0
PCT7204	TO	0	0	0	0	0	0	0	0	0
PCT7205	MV	0	0	0	0	0	0	0	0	0
PCT7205	ED	0	0	0	0	0	0	0	0	0
PCT7205	TO	0	0	0	0	0	0	0	0	0
PCT7206	MV	0	0	0	0	0	0	0	0	0
PCT7206	ED	0	0	0	0	0	0	0	0	0
PCT7206	TO	0	0	0	0	0	0	0	0	0
PCT7207	MV	0	0	0	0	0	0	0	0	0
PCT7207	ED	0	0	0	0	0	0	0	0	0
PCT7207	TO	0	0	0	0	0	0	0	0	0
PCT7208	MV	0	0	0	0	0	0	0	0	0
PCT7208	ED	0	0	0	0	0	0	0	0	0
PCT7208	TO	0	0	0	0	0	0	0	0	0
PCT7209	MV	0	0	0	0	0	0	0	0	0
PCT7209	ED	0	0	0	0	0	0	0	0	0
PCT7209	TO	0	0	0	0	0	0	0	0	0
PCT7301	MV	0	0	0	0	0	0	0	0	0
PCT7301	ED	0	0	0	0	0	0	0	0	0
PCT7301	TO	0	0	0	0	0	0	0	0	0
PCT7302	MV	0	0	0	0	0	0	0	0	0
PCT7302	ED	0	0	0	0	0	0	0	0	0
PCT7302	TO	0	0	0	0	0	0	0	0	0
PCT7303	MV	0	0	0	0	0	0	0	0	0
PCT7303	ED	0	0	0	0	0	0	0	0	0
PCT7303	TO	0	0	0	0	0	0	0	0	0
PCT7304	MV	0	0	0	0	0	0	0	0	0
PCT7304	ED	0	0	0	0	0	0	0	0	0
PCT7304	TO	0	0	0	0	0	0	0	0	0
PCT7305	MV	0	0	0	0	0	0	0	0	0
PCT7305	ED	0	0	0	0	0	0	0	0	0
PCT7305	TO	0	0	0	0	0	0	0	0	0
PCT7306	MV	0	0	0	0	0	0	0	0	0
PCT7306	ED	0	0	0	0	0	0	0	0	0
PCT7306	TO	0	0	0	0	0	0	0	0	0
PCT7307	MV	0	0	0	0	0	0	0	0	0
PCT7307	ED	0	0	0	0	0	0	0	0	0
PCT7307	TO	0	0	0	0	0	0	0	0	0
PCT7308	MV	0	0	0	0	0	0	0	0	0
PCT7308	ED	0	0	0	0	0	0	0	0	0
PCT7308	TO	0	0	0	0	0	0	0	0	0
PCT7309	MV	0	0	0	0	0	0	0	0	0
PCT7309	ED	0	0	0	0	0	0	0	0	0
PCT7309	TO	0	0	0	0	0	0	0	0	0
PCT7311	MV	0	0	0	0	0	0	0	0	0
PCT7311	ED	0	0	0	0	0	0	0	0	0
PCT7311	TO	0	0	0	0	0	0	0	0	0
PCT7312	MV	0	0	0	0	0	0	0	0	0
PCT7312	ED	0	0	0	0	0	0	0	0	0
PCT7312	TO	0	0	0	0	0	0	0	0	0
PCT7313	MV	0	0	0	0	0	0	0	0	0
PCT7313	ED	0	0	0	0	0	0	0	0	0
PCT7313	TO	0	0	0	0	0	0	0	0	0
PCT7314	MV	0	0	0	0	0	0	0	0	0
PCT7314	ED	0	0	0	0	0	0	0	0	0
PCT7314	TO	0	0	0	0	0	0	0	0	0
PCT7315	MV	0	0	0	0	0	0	0	0	0
PCT7315	ED	0	0	0	0	0	0	0	0	0
PCT7315	TO	0	0	0	0	0	0	0	0	0
PCT7316	MV	0	0	0	0	0	0	0	0	0
PCT7316	ED	0	0	0	0	0	0	0	0	0
PCT7316	TO	0	0	0	0	0	0	0	0	0
PCT7317	MV	0	0	0	0	0	0	0	0	0
PCT7317	ED	0	0	0	0	0	0	0	0	0
PCT7317	TO	0	0	0	0	0	0	0	0	0
PCT7318	MV	0	0	0	0	0	0	0	0	0
PCT7318	ED	0	0	0	0	0	0	0	0	0
PCT7318	TO	0	0	0	0	0	0	0	0	0
PCT7319	MV	0	0	0	0	0	0	0	0	0
PCT7319	ED	0	0	0	0	0	0	0	0	0
PCT7319	TO	0	0	0	0	0	0	0	0	0
PCT7321	MV	0	0	0	0	0	0	0	0	0
PCT7321	ED	0	0	0	0	0	0	0	0	0
PCT7321	TO	0	0	0	0	0	0	0	0	0
PCT7322	MV	0	0	0	0	0	0	0	0	0
PCT7322	ED	0	0	0	0	0	0	0	0	0
PCT7322	TO	0	0	0	0	0	0	0	0	0
PCT7323	MV	0	0	0	0	0	0	0	0	0
PCT7323	ED	0	0	0	0	0	0	0	0	0
PCT7323	TO	0	0	0	0	0	0	0	0	0
PCT7324	MV	0	0	0	0	0	0	0	0	0
PCT7324	ED	0	0	0	0	0	0	0	0	0
PCT7324	TO	0	0	0	0	0	0	0	0	0
PCT7325	MV	0	0	0	0	0	0	0	0	0
PCT7325	ED	0	0	0	0	0	0	0	0	0
PCT7325	TO	0	0	0	0	0	0	0	0	0
PCT7326	MV	0	0	0	0	0	0	0	0	0
PCT7326	ED	0	0	0	0	0	0	0	0	0
PCT7326	TO	0	0	0	0	0	0	0	0	0
PCT7327	MV	0	0	0	0	0	0	0	0	0
PCT7327	ED	0	0	0	0	0	0	0	0	0
PCT7327	TO	0	0	0	0	0	0	0	0	0
PCT7328	MV	0	0	0	0	0	0	0	0	0
PCT7328	ED	0	0	0	0	0	0	0	0	0
PCT7328	TO	0	0	0	0	0	0	0	0	0
PCT7329	MV	0	0	0	0	0	0	0	0	0
PCT7329	ED	0	0	0	0	0	0	0	0	0
PCT7329	TO	0	0	0	0	0	0	0	0	0
PCT7331	MV	0	0	0	0	0	0	0	0	0
PCT7331	ED	0	0	0	0	0	0	0	0	0
PCT7331	TO	0	0	0	0	0	0	0	0	0
PCT7332	MV	0	0	0	0	0	0	0	0	0
PCT7332	ED	0	0	0	0	0	0	0	0	0
PCT7332	TO	0	0	0	0	0	0	0	0	0
PCT7333	MV	0	0	0	0	0	0	0	0	0
PCT7333	ED	0	0	0	0	0	0	0	0	0
PCT7333	TO	0	0	0	0	0	0	0	0	0
PCT7334	MV	0	0	0	0	0	0	0	0	0
PCT7334	ED	0	0	0	0	0	0	0	0	0
PCT7334	TO	0	0	0	0	0	0	0	0	0
PCT7335	MV	0	0	0	0	0	0	0	0	0
PCT7335	ED	0	0	0	0	0	0	0	0	0
PCT7335	TO	0	0	0	0	0	0	0	0	0
PCT7336	MV	0	0	0	0	0	0	0	0	0
PCT7336	ED	0	0	0	0	0	0	0	0	0
PCT7336	TO	0	0	0	0	0	0	0	0	0
PCT7337	MV	0	0	0	0	0	0	0	0	0
PCT7337	ED	0	0	0	0	0	0	0	0	0
PCT7337	TO	0	0	0	0	0	0	0	0	0
PCT7338	MV	0	0	0	0	0	0	0	0	0
PCT7338	ED	0	0	0	0	0	0	0	0	0
PCT7338	TO	0	0	0	0	0	0	0	0	0
PCT7339	MV	0	0	0	0	0	0	0	0	0
PCT7339	ED	0	0	0	0	0	0	0	0	0
PCT7339	TO	0	0	0	0	0	0	0	0	0
PCT7341	MV	0	0	0	0	0	0	0	0	0
PCT7341	ED	0	0	0	0	0	0	0	0	0
PCT7341	TO	0	0	0	0	0	0	0	0	0
PCT7342	MV	0	0	0	0	0	0	0	0	0
PCT7342	ED	0	0	0	0	0	0	0	0	0
PCT7342	TO	0	0	0	0	0	0	0	0	0
PCT7343	MV	0	0	0	0	0	0	0	0	0
PCT7343	ED	0	0	0	0	0	0	0	0	0
PCT7343	TO	0	0	0	0	0	0	0	0	0
PCT7344	MV	0	0	0	0	0	0	0	0	0
PCT7344	ED	0	0	0	0	0	0	0	0	0
PCT7344	TO	0	0	0	0	0	0	0	0	0
PCT7345	MV	0	0	0	0	0	0	0	0	0
PCT7345	ED	0	0	0	0	0	0	0	0	0
PCT7345	TO	0	0	0	0	0	0	0	0	0
PCT7346	MV	0	0	0	0	0	0	0	0	0
PCT7346	ED	0	0	0	0	0	0	0	0	0
PCT7346	TO	0	0	0	0	0	0	0	0	0
PCT7347	MV	0	0	0	0	0	0	0	0	0
PCT7347	ED	0	0	0	0	0	0	0	0	0
PCT7347	TO	0	0	0	0	0	0	0	0	0
PCT7348	MV	0	0	0	0	0	0	0	0	0
PCT7348	ED	0	0	0	0	0	0	0	0	0
PCT7348	TO	0	0	0	0	0	0	0	0	0
PCT7349	MV	0	0	0	0	0	0	0	0	0
PCT7349	ED	0	0	0	0	0	0	0	0	0
PCT7349	TO	0	0	0	0	0	0	0	0	0
PCT7501	MV	0	0	0	0	0	0	0	0	0
PCT7501	ED	0	0	0	0	0	0	0	0	0
PCT7501	TO	0	0	0	0	0	0	0	0	0
PCT7502	MV	0	0	0	0	0	0	0	0	0
PCT7502	ED	0	0	0	0	0	0	0	0	0
PCT7502	TO	0	0	0	0	0	0	0	0	0
PCT7503	MV	0	0	0	0	0	0	0	0	0
PCT7503	ED	0	0	0	0	0	0	0	0	0
PCT7503	TO	0	0	0	0	0	0	0	0	0
PCT7504	MV	0	0	0	0	0	0	0	0	0
PCT7504	ED	0	0	0	0	0	0	0	0	0
PCT7504	TO	0	0	0	0	0	0	0	0	0
PCT7505	MV	0	0	0	0	0	0	0	0	0
PCT7505	ED	0	0	0	0	0	0	0	0	0
PCT7505	TO	0	0	0	0	0	0	0	0	0
PCT7506	MV	0	0	0	0	0	0	0	0	0
PCT7506	ED	0	0	0	0	0	0	0	0	0
PCT7506	TO	0	0	0	0	0	0	0	0	0
PCT7507	MV	0	0	0	0	0	0	0	0	0
PCT7507	ED	0	0	0	0	0	0	0	0	0
PCT7507	TO	0	0	0	0	0	0	0	0	0
PCT7508	MV	0	0	0	0	0	0	0	0	0
PCT7508	ED	0	0	0	0	0	0	0	0	0
PCT7508	TO	0	0	0	0	0	0	0	0	0
PCT7509	MV	0	0	0	0	0	0	0	0	0
PCT7509	ED	0	0	0	0	0	0	0	0	0
PCT7509	TO	0	0	0	0	0	0	0	0	0
PCT7512	MV	0	0	0	0	0	0	0	0	0
PCT7512	ED	0	0	0	0	0	0	0	0	0
PCT7512	TO	0	0	0	0	0	0	0	0	0
PCT7513	MV	0	0	0	0	0	0	0	0	0
PCT7513	ED	0	0	0	0	0	0	0	0	0
PCT7513	TO	0	0	0	0	0	0	0	0	0
PCT7514	MV	0	0	0	0	0	0	0	0	0
PCT7514	ED	0	0	0	0	0	0	0	0	0
PCT7514	TO	0	0	0	0	0	0	0	0	0
PCT7515	MV	0	0	0	0	0	0	0	0	0
PCT7515	ED	0	0	0	0	0	0	0	0	0
PCT7515	TO	0	0	0	0	0	0	0	0	0
PCT7516	MV	0	0	0	0	0	0	0	0	0
PCT7516	ED	0	0	0	0	0	0	0	0	0
PCT7516	TO	0	0	0	0	0	0	0	0	0
PCT7517	MV	0	0	0	0	0	0	0	0	0
PCT7517	ED	0	0	0	0	0	0	0	0	0
PCT7517	TO	0	0	0	0	0	0	0	0	0
PCT7518	MV	0	0	0	0	0	0	0	0	0
PCT7518	ED	0	0	0	0	0	0	0	0	0
PCT7518	TO	0	0	0	0	0	0	0	0	0
PCT7519	MV	0	0	0	0	0	0	0	0	0
PCT7519	ED	0	0	0	0	0	0	0	0	0
PCT7519	TO	0	0	0	0	0	0	0	0	0
PCT7521	MV	0	0	0	0	0	0	0	0	0
PCT7521	ED	0	0	0	0	0	0	0	0	0
PCT7521	TO	0	0	0	0	0	0	0	0	0
PCT7522	MV	0	0	0	0	0	0	0	0	0
PCT7522	ED	0	0	0	0	0	0	0	0	0
PCT7522	TO	0	0	0	0	0	0	0	0	0
PCT7523	MV	0	0	0	0	0	0	0	0	0
PCT7523	ED	0	0	0	0	0	0	0	0	0
PCT7523	TO	0	0	0	0	0	0	0	0	0
PCT7524	MV	0	0	0	0	0	0	0	0	0
PCT7524	ED	0	0	0	0	0	0	0	0	0
PCT7524	TO	0	0	0	0	0	0	0	0	0
PCT7525	MV	0	0	0	0	0	0	0	0	0
PCT7525	ED	0	0	0	0	0	0	0	0	0
PCT7525	TO	0	0	0	0	0	0	0	0	0
PCT7526	MV	0	0	0	0	0	0	0	0	0
PCT7526	ED	0	0	0	0	0	0	0	0	0
PCT7526	TO	0	0	0	0	0	0	0	0	0
PCT7527	MV	0	0	0	0	0	0	0	0	0
PCT7527	ED	0	0	0	0	0	0	0	0	0
PCT7527	TO	0	0	0	0	0	0	0	0	0
PCT7529	MV	0	0	0	0	0	0	0	0	0
PCT7529	ED	0	0	0	0	0	0	0	0	0
PCT7529	TO	0	0	0	0	0	0	0	0	0
PCT7531	MV	0	0	0	0	0	0	0	0	0
PCT7531	ED	0	0	0	0	0	0	0	0	0
PCT7531	TO	0	0	0	0	0	0	0	0	0
PCT7532	MV	0	0	0	0	0	0	0	0	0
PCT7532	ED	0	0	0	0	0	0	0	0	0
PCT7532	TO	0	0	0	0	0	0	0	0	0
PCT7533	MV	0	0	0	0	0	0	0	0	0
PCT7533	ED	0	0	0	0	0	0	0	0	0
PCT7533	TO	0	0	0	0	0	0	0	0	0
PCT7534	MV	0	0	0	0	0	0	0	0	0
PCT7534	ED	0	0	0	0	0	0	0	0	0
PCT7534	TO	0	0	0	0	0	0	0	0	0
PCT7535	MV	0	0	0	0	0	0	0	0	0
PCT7535	ED	0	0	0	0	0	0	0	0	0
PCT7535	TO	0	0	0	0	0	0	0	0	0
PCT7536	MV	0	0	0	0	0	0	0	0	0
PCT7536	ED	0	0	0	0	0	0	0	0	0
PCT7536	TO	0	0	0	0	0	0	0	0	0
PCT7537	MV	0	0	0	0	0	0	0	0	0
PCT7537	ED	0	0	0	0	0	0	0	0	0
PCT7537	TO	0	0	0	0	0	0	0	0	0
PCT7538	MV	0	0	0	0	0	0	0	0	0
PCT7538	ED	0	0	0	0	0	0	0	0	0
PCT7538	TO	0	0	0	0	0	0	0	0	0
PCT7539	MV	0	0	0	0	0	0	0	0	0
PCT7539	ED	0	0	0	0	0	0	0	0	0
PCT7539	TO	0	0	0	0	0	0	0	0	0
PCT7541	MV	0	0	0	0	0	0	0	0	0
PCT7541	ED	0	0	0	0	0	0	0	0	0
PCT7541	TO	0	0	0	0	0	0	0	0	0
PCT7542	MV	0	0	0	0	0	0	0	0	0
PCT7542	ED	0	0	0	0	0	0	0	0	0
PCT7542	TO	0	0	0	0	0	0	0	0	0
PCT7543	MV	0	0	0	0	0	0	0	0	0
PCT7543	ED	0	0	0	0	0	0	0	0	0
PCT7543	TO	0	0	0	0	0	0	0	0	0
PCT7544	MV	0	0	0	0	0	0	0	0	0
PCT7544	ED	0	0	0	0	0	0	0	0	0
PCT7544	TO	0	0	0	0	0	0	0	0	0
PCT7545	MV	0	0	0	0	0	0	0	0	0
PCT7545	ED	0	0	0	0	0	0	0	0	0
PCT7545	TO	0	0	0	0	0	0	0	0	0
PCT7546	MV	0	0	0	0	0	0	0	0	0
PCT7546	ED	0	0	0	0	0	0	0	0	0
PCT7546	TO	0	0	0	0	0	0	0	0	0
PCT7547	MV	0	0	0	0	0	0	0	0	0
PCT7547	ED	0	0	0	0	0	0	0	0	0
PCT7547	TO	0	0	0	0	0	0	0	0	0
PCT7548	MV	0	0	0	0	0	0	0	0	0
PCT7548	ED	0	0	0	0	0	0	0	0	0
PCT7548	TO	0	0	0	0	0	0	0	0	0
PCT7549	MV	0	0	0	0	0	0	0	0	0
PCT7549	ED	0	0	0	0	0	0	0	0	0
PCT7549	TO	0	0	0	0	0	0	0	0	0
PCT7551	MV	0	0	0	0	0	0	0	0	0
PCT7551	ED	0	0	0	0	0	0	0	0	0
PCT7551	TO	0	0	0	0	0	0	0	0	0
PCT7552	MV	0	0	0	0	0	0	0	0	0
PCT7552	ED	0	0	0	0	0	0	0	0	0
PCT7552	TO	0	0	0	0	0	0	0	0	0
PCT7553	MV	0	0	0	0	0	0	0	0	0
PCT7553	ED	0	0	0	0	0	0	0	0	0
PCT7553	TO	0	0	0	0	0	0	0	0	0
PCT7554	MV	0	0	0	0	0	0	0	0	0
PCT7554	ED	0	0	0	0	0	0	0	0	0
PCT7554	TO	0	0	0	0	0	0	0	0	0
PCT7555	MV	0	0	0	0	0	0	0	0	0
PCT7555	ED	0	0	0	0	0	0	0	0	0
PCT7555	TO	0	0	0	0	0	0	0	0	0
PCT7556	MV	0	0	0	0	0	0	0	0	0
PCT7556	ED	0	0	0	0	0	0	0	0	0
PCT7556	TO	0	0	0	0	0	0	0	0	0
PCT7601	MV	0	0	0	0	0	0	0	0	0
PCT7601	ED	0	0	0	0	0	0	0	0	0
PCT7601	TO	0	0	0	0	0	0	0	0	0
PCT7602	MV	0	0	0	0	0	0	0	0	0
PCT7602	ED	0	0	0	0	0	0	0	0	0
PCT7602	TO	0	0	0	0	0	0	0	0	0
PCT7603	MV	0	0	0	0	0	0	0	0	0
PCT7603	ED	0	0	0	0	0	0	0	0	0
PCT7603	TO	0	0	0	0	0	0	0	0	0
PCT7604	MV	0	0	0	0	0	0	0	0	0
PCT7604	ED	0	0	0	0	0	0	0	0	0
PCT7604	TO	0	0	0	0	0	0	0	0	0
PCT7605	MV	0	0	0	0	0	0	0	0	0
PCT7605	ED	0	0	0	0	0	0	0	0	0
PCT7605	TO	0	0	0	0	0	0	0	0	0
PCT7606	MV	0	0	0	0	0	0	0	0	0
PCT7606	ED	0	0	0	0	0	0	0	0	0
PCT7606	TO	0	0	0	0	0	0	0	0	0
PCT7607	MV	0	0	0	0	0	0	0	0	0
PCT7607	ED	0	0	0	0	0	0	0	0	0
PCT7607	TO	0	0	0	0	0	0	0	0	0
PCT7608	MV	0	0	0	0	0	0	0	0	0
PCT7608	ED	0	0	0	0	0	0	0	0	0
PCT7608	TO	0	0	0	0	0	0	0	0	0
PCT7609	MV	0	0	0	0	0	0	0	0	0
PCT7609	ED	0	0	0	0	0	0	0	0	0
PCT7609	TO	0	0	0	0	0	0	0	0	0
PCT7611	MV	0	0	0	0	0	0	0	0	0
PCT7611	ED	0	0	0	0	0	0	0	0	0
PCT7611	TO	0	0	0	0	0	0	0	0	0
PCT7612	MV	0	0	0	0	0	0	0	0	0
PCT7612	ED	0	0	0	0	0	0	0	0	0
PCT7612	TO	0	0	0	0	0	0	0	0	0
PCT7613	MV	0	0	0	0	0	0	0	0	0
PCT7613	ED	0	0	0	0	0	0	0	0	0
PCT7613	TO	0	0	0	0	0	0	0	0	0
PCT7614	MV	0	0	0	0	0	0	0	0	0
PCT7614	ED	0	0	0	0	0	0	0	0	0
PCT7614	TO	0	0	0	0	0	0	0	0	0
PCT7615	MV	0	0	0	0	0	0	0	0	0
PCT7615	ED	0	0	0	0	0	0	0	0	0
PCT7615	TO	0	0	0	0	0	0	0	0	0
PCT7616	MV	0	0	0	0	0	0	0	0	0
PCT7616	ED	0	0	0	0	0	0	0	0	0
PCT7616	TO	0	0	0	0	0	0	0	0	0
PCT7617	MV	0	0	0	0	0	0	0	0	0
PCT7617	ED	0	0	0	0	0	0	0	0	0
PCT7617	TO	0	0	0	0	0	0	0	0	0
PCT7618	MV	0	0	0	0	0	0	0	0	0
PCT7618	ED	0	0	0	0	0	0	0	0	0
PCT7618	TO	0	0	0	0	0	0	0	0	0
PCT7619	MV	0	0	0	0	0	0	0	0	0
PCT7619	ED	0	0	0	0	0	0	0	0	0
PCT7619	TO	0	0	0	0	0	0	0	0	0
PCT7621	MV	0	0	0	0	0	0	0	0	0
PCT7621	ED	0	0	0	0	0	0	0	0	0
PCT7621	TO	0	0	0	0	0	0	0	0	0
PCT7622	MV	0	0	0	0	0	0	0	0	0
PCT7622	ED	0	0	0	0	0	0	0	0	0
PCT7622	TO	0	0	0	0	0	0	0	0	0
PCT7623	MV	0	0	0	0	0	0	0	0	0
PCT7623	ED	0	0	0	0	0	0	0	0	0
PCT7623	TO	0	0	0	0	0	0	0	0	0
PCT7624	MV	0	0	0	0	0	0	0	0	0
PCT7624	ED	0	0	0	0	0	0	0	0	0
PCT7624	TO	0	0	0	0	0	0	0	0	0
PCT7625	MV	0	0	0	0	0	0	0	0	0
PCT7625	ED	0	0	0	0	0	0	0	0	0
PCT7625	TO	0	0	0	0	0	0	0	0	0
PCT7626	MV	0	0	0	0	0	0	0	0	0
PCT7626	ED	0	0	0	0	0	0	0	0	0
PCT7626	TO	0	0	0	0	0	0	0	0	0
PCT7627	MV	0	0	0	0	0	0	0	0	0
PCT7627	ED	0	0	0	0	0	0	0	0	0
PCT7627	TO	0	0	0	0	0	0	0	0	0
PCT7628	MV	0	0	0	0	0	0	0	0	0
PCT7628	ED	0	0	0	0	0	0	0	0	0
PCT7628	TO	0	0	0	0	0	0	0	0	0
PCT7629	MV	0	0	0	0	0	0	0	0	0
PCT7629	ED	0	0	0	0	0	0	0	0	0
PCT7629	TO	0	0	0	0	0	0	0	0	0
PCT7631	MV	0	0	0	0	0	0	0	0	0
PCT7631	ED	0	0	0	0	0	0	0	0	0
PCT7631	TO	0	0	0	0	0	0	0	0	0
PCT7632	MV	0	0	0	0	0	0	0	0	0
PCT7632	ED	0	0	0	0	0	0	0	0	0
PCT7632	TO	0	0	0	0	0	0	0	0	0
PCT7633	MV	0	0	0	0	0	0	0	0	0
PCT7633	ED	0	0	0	0	0	0	0	0	0
PCT7633	TO	0	0	0	0	0	0	0	0	0
PCT7634	MV	0	0	0	0	0	0	0	0	0
PCT7634	ED	0	0	0	0	0	0	0	0	0
PCT7634	TO	0	0	0	0	0	0	0	0	0
PCT7635	MV	0	0	0	0	0	0	0	0	0
PCT7635	ED	0	0	0	0	0	0	0	0	0
PCT7635	TO	0	0	0	0	0	0	0	0	0
PCT7636	MV	0	0	0	0	0	0	0	0	0
PCT7636	ED	0	0	0	0	0	0	0	0	0
PCT7636	TO	0	0	0	0	0	0	0	0	0
PCT7637	MV	0	0	0	0	0	0	0	0	0
PCT7637	ED	0	0	0	0	0	0	0	0	0
PCT7637	TO	0	0	0	0	0	0	0	0	0
PCT7638	MV	0	0	0	0	0	0	0	0	0
PCT7638	ED	0	0	0	0	0	0	0	0	0
PCT7638	TO	0	0	0	0	0	0	0	0	0
PCT7639	MV	0	0	0	0	0	0	0	0	0
PCT7639	ED	0	0	0	0	0	0	0	0	0
PCT7639	TO	0	0	0	0	0	0	0	0	0
PCT7641	MV	0	0	0	0	0	0	0	0	0
PCT7641	ED	0	0	0	0	0	0	0	0	0
PCT7641	TO	0	0	0	0	0	0	0	0	0
PCT7642	MV	0	0	0	0	0	0	0	0	0
PCT7642	ED	0	0	0	0	0	0	0	0	0
PCT7642	TO	0	0	0	0	0	0	0	0	0
PCT7643	MV	0	0	0	0	0	0	0	0	0
PCT7643	ED	0	0	0	0	0	0	0	0	0
PCT7643	TO	0	0	0	0	0	0	0	0	0
PCT7644	MV	0	0	0	0	0	0	0	0	0
PCT7644	ED	0	0	0	0	0	0	0	0	0
PCT7644	TO	0	0	0	0	0	0	0	0	0
PCT7645	MV	0	0	0	0	0	0	0	0	0
PCT7645	ED	0	0	0	0	0	0	0	0	0
PCT7645	TO	0	0	0	0	0	0	0	0	0
PCT7646	MV	0	0	0	0	0	0	0	0	0
PCT7646	ED	0	0	0	0	0	0	0	0	0
PCT7646	TO	0	0	0	0	0	0	0	0	0
PCT7647	MV	0	0	0	0	0	0	0	0	0
PCT7647	ED	0	0	0	0	0	0	0	0	0
PCT7647	TO	0	0	0	0	0	0	0	0	0
PCT7648	MV	0	0	0	0	0	0	0	0	0
PCT7648	ED	0	0	0	0	0	0	0	0	0
PCT7648	TO	0	0	0	0	0	0	0	0	0
PCT7649	MV	0	0	0	0	0	0	0	0	0
PCT7649	ED	0	0	0	0	0	0	0	0	0
PCT7649	TO	0	0	0	0	0	0	0	0	0
PCT7651	MV	0	0	0	0	0	0	0	0	0
PCT7651	ED	0	0	0	0	0	0	0	0	0
PCT7651	TO	0	0	0	0	0	0	0	0	0
PCT7652	MV	0	0	0	0	0	0	0	0	0
PCT7652	ED	0	0	0	0	0	0	0	0	0
PCT7652	TO	0	0	0	0	0	0	0	0	0
PCT7653	MV	0	0	0	0	0	0	0	0	0
PCT7653	ED	0	0	0	0	0	0	0	0	0
PCT7653	TO	0	0	0	0	0	0	0	0	0
PCT7654	MV	0	0	0	0	0	0	0	0	0
PCT7654	ED	0	0	0	0	0	0	0	0	0
PCT7654	TO	0	0	0	0	0	0	0	0	0
PCT7655	MV	0	0	0	0	0	0	0	0	0
PCT7655	ED	0	0	0	0	0	0	0	0	0
PCT7655	TO	0	0	0	0	0	0	0	0	0
PCT7656	MV	0	0	0	0	0	0	0	0	0
PCT7656	ED	0	0	0	0	0	0	0	0	0
PCT7656	TO	0	0	0	0	0	0	0	0	0
PCT7657	MV	0	0	0	0	0	0	0	0	0
PCT7657	ED	0	0	0	0	0	0	0	0	0
PCT7657	TO	0	0	0	0	0	0	0	0	0
PCT7701	MV	0	0	0	0	0	0	0	0	0
PCT7701	ED	0	0	0	0	0	0	0	0	0
PCT7701	TO	0	0	0	0	0	0	0	0	0
PCT7702	MV	0	0	0	0	0	0	0	0	0
PCT7702	ED	0	0	0	0	0	0	0	0	0
PCT7702	TO	0	0	0	0	0	0	0	0	0
PCT7703	MV	0	0	0	0	0	0	0	0	0
PCT7703	ED	0	0	0	0	0	0	0	0	0
PCT7703	TO	0	0	0	0	0	0	0	0	0
PCT7704	MV	0	0	0	0	0	0	0	0	0
PCT7704	ED	0	0	0	0	0	0	0	0	0
PCT7704	TO	0	0	0	0	0	0	0	0	0
PCT7705	MV	0	0	0	0	0	0	0	0	0
PCT7705	ED	0	0	0	0	0	0	0	0	0
PCT7705	TO	0	0	0	0	0	0	0	0	0
PCT7706	MV	0	0	0	0	0	0	0	0	0
PCT7706	ED	0	0	0	0	0	0	0	0	0
PCT7706	TO	0	0	0	0	0	0	0	0	0
PCT7707	MV	0	0	0	0	0	0	0	0	0
PCT7707	ED	0	0	0	0	0	0	0	0	0
PCT7707	TO	0	0	0	0	0	0	0	0	0
PCT7708	MV	0	0	0	0	0	0	0	0	0
PCT7708	ED	0	0	0	0	0	0	0	0	0
PCT7708	TO	0	0	0	0	0	0	0	0	0
PCT7709	MV	0	0	0	0	0	0	0	0	0
PCT7709	ED	0	0	0	0	0	0	0	0	0
PCT7709	TO	0	0	0	0	0	0	0	0	0
PCT7711	MV	0	0	0	0	0	0	0	0	0
PCT7711	ED	0	0	0	0	0	0	0	0	0
PCT7711	TO	0	0	0	0	0	0	0	0	0
PCT7712	MV	0	0	0	0	0	0	0	0	0
PCT7712	ED	0	0	0	0	0	0	0	0	0
PCT7712	TO	0	0	0	0	0	0	0	0	0
PCT7801	MV	0	0	0	0	0	0	0	0	0
PCT7801	ED	0	0	0	0	0	0	0	0	0
PCT7801	TO	0	0	0	0	0	0	0	0	0
PCT7802	MV	0	0	0	0	0	0	0	0	0
PCT7802	ED	0	0	0	0	0	0	0	0	0
PCT7802	TO	0	0	0	0	0	0	0	0	0
PCT7803	MV	0	0	0	0	0	0	0	0	0
PCT7803	ED	0	0	0	0	0	0	0	0	0
PCT7803	TO	0	0	0	0	0	0	0	0	0
PCT7804	MV	0	0	0	0	0	0	0	0	0
PCT7804	ED	0	0	0	0	0	0	0	0	0
PCT7804	TO	0	0	0	0	0	0	0	0	0
PCT7805	MV	0	0	0	0	0	0	0	0	0
PCT7805	ED	0	0	0	0	0	0	0	0	0
PCT7805	TO	0	0	0	0	0	0	0	0	0
PCT7806	MV	0	0	0	0	0	0	0	0	0
PCT7806	ED	0	0	0	0	0	0	0	0	0
PCT7806	TO	0	0	0	0	0	0	0	0	0
PCT7807	MV	0	0	0	0	0	0	0	0	0
PCT7807	ED	0	0	0	0	0	0	0	0	0
PCT7807	TO	0	0	0	0	0	0	0	0	0
PCT7808	MV	0	0	0	0	0	0	0	0	0
PCT7808	ED	0	0	0	0	0	0	0	0	0
PCT7808	TO	0	0	0	0	0	0	0	0	0
PCT7809	MV	0	0	0	0	0	0	0	0	0
PCT7809	ED	0	0	0	0	0	0	0	0	0
PCT7809	TO	0	0	0	0	0	0	0	0	0
PCT7811	MV	0	0	0	0	0	0	0	0	0
PCT7811	ED	0	0	0	0	0	0	0	0	0
PCT7811	TO	0	0	0	0	0	0	0	0	0
PCT7812	MV	0	0	0	0	0	0	0	0	0
PCT7812	ED	0	0	0	0	0	0	0	0	0
PCT7812	TO	0	0	0	0	0	0	0	0	0
PCT7813	MV	0	0	0	0	0	0	0	0	0
PCT7813	ED	0	0	0	0	0	0	0	0	0
PCT7813	TO	0	0	0	0	0	0	0	0	0
PCT7814	MV	0	0	0	0	0	0	0	0	0
PCT7814	ED	0	0	0	0	0	0	0	0	0
PCT7814	TO	0	0	0	0	0	0	0	0	0
PCT7815	MV	0	0	0	0	0	0	0	0	0
PCT7815	ED	0	0	0	0	0	0	0	0	0
PCT7815	TO	0	0	0	0	0	0	0	0	0
PCT7816	MV	0	0	0	0	0	0	0	0	0
PCT7816	ED	0	0	0	0	0	0	0	0	0
PCT7816	TO	0	0	0	0	0	0	0	0	0
PCT7817	MV	0	0	0	0	0	0	0	0	0
PCT7817	ED	0	0	0	0	0	0	0	0	0
PCT7817	TO	0	0	0	0	0	0	0	0	0
PCT7818	MV	0	0	0	0	0	0	0	0	0
PCT7818	ED	0	0	0	0	0	0	0	0	0
PCT7818	TO	0	0	0	0	0	0	0	0	0
PCT7819	MV	0	0	0	0	0	0	0	0	0
PCT7819	ED	0	0	0	0	0	0	0	0	0
PCT7819	TO	0	0	0	0	0	0	0	0	0
PCT7821	MV	0	0	0	0	0	0	0	0	0
PCT7821	ED	0	0	0	0	0	0	0	0	0
PCT7821	TO	0	0	0	0	0	0	0	0	0
PCT7822	MV	0	0	0	0	0	0	0	0	0
PCT7822	ED	0	0	0	0	0	0	0	0	0
PCT7822	TO	0	0	0	0	0	0	0	0	0
PCT7823	MV	0	0	0	0	0	0	0	0	0
PCT7823	ED	0	0	0	0	0	0	0	0	0
PCT7823	TO	0	0	0	0	0	0	0	0	0
PCT7824	MV	0	0	0	0	0	0	0	0	0
PCT7824	ED	0	0	0	0	0	0	0	0	0
PCT7824	TO	0	0	0	0	0	0	0	0	0
PCT7825	MV	0	0	0	0	0	0	0	0	0
PCT7825	ED	0	0	0	0	0	0	0	0	0
PCT7825	TO	0	0	0	0	0	0	0	0	0
PCT7826	MV	0	0	0	0	0	0	0	0	0
PCT7826	ED	0	0	0	0	0	0	0	0	0
PCT7826	TO	0	0	0	0	0	0	0	0	0
PCT7827	MV	0	0	0	0	0	0	0	0	0
PCT7827	ED	0	0	0	0	0	0	0	0	0
PCT7827	TO	0	0	0	0	0	0	0	0	0
PCT7828	MV	0	0	0	0	0	0	0	0	0
PCT7828	ED	0	0	0	0	0	0	0	0	0
PCT7828	TO	0	0	0	0	0	0	0	0	0
PCT7829	MV	0	0	0	0	0	0	0	0	0
PCT7829	ED	0	0	0	0	0	0	0	0	0
PCT7829	TO	0	0	0	0	0	0	0	0	0
PCT7831	MV	0	0	0	0	0	0	0	0	0
PCT7831	ED	0	0	0	0	0	0	0	0	0
PCT7831	TO	0	0	0	0	0	0	0	0	0
PCT7832	MV	0	0	0	0	0	0	0	0	0
PCT7832	ED	0	0	0	0	0	0	0	0	0
PCT7832	TO	0	0	0	0	0	0	0	0	0
PCT7833	MV	0	0	0	0	0	0	0	0	0
PCT7833	ED	0	0	0	0	0	0	0	0	0
PCT7833	TO	0	0	0	0	0	0	0	0	0
PCT7834	MV	0	0	0	0	0	0	0	0	0
PCT7834	ED	0	0	0	0	0	0	0	0	0
PCT7834	TO	0	0	0	0	0	0	0	0	0
PCT7835	MV	0	0	0	0	0	0	0	0	0
PCT7835	ED	0	0	0	0	0	0	0	0	0
PCT7835	TO	0	0	0	0	0	0	0	0	0
PCT7836	MV	0	0	0	0	0	0	0	0	0
PCT7836	ED	0	0	0	0	0	0	0	0	0
PCT7836	TO	0	0	0	0	0	0	0	0	0
PCT7837	MV	0	0	0	0	0	0	0	0	0
PCT7837	ED	0	0	0	0	0	0	0	0	0
PCT7837	TO	0	0	0	0	0	0	0	0	0
PCT7838	MV	0	0	0	0	0	0	0	0	0
PCT7838	ED	0	0	0	0	0	0	0	0	0
PCT7838	TO	0	0	0	0	0	0	0	0	0
PCT7839	MV	0	0	0	0	0	0	0	0	0
PCT7839	ED	0	0	0	0	0	0	0	0	0
PCT7839	TO	0	0	0	0	0	0	0	0	0
PCT7841	MV	0	0	0	0	0	0	0	0	0
PCT7841	ED	0	0	0	0	0	0	0	0	0
PCT7841	TO	0	0	0	0	0	0	0	0	0
PCT7842	MV	0	0	0	0	0	0	0	0	0
PCT7842	ED	0	0	0	0	0	0	0	0	0
PCT7842	TO	0	0	0	0	0	0	0	0	0
PCT7843	MV	0	0	0	0	0	0	0	0	0
PCT7843	ED	0	0	0	0	0	0	0	0	0
PCT7843	TO	0	0	0	0	0	0	0	0	0
PCT7844	MV	0	0	0	0	0	0	0	0	0
PCT7844	ED	0	0	0	0	0	0	0	0	0
PCT7844	TO	0	0	0	0	0	0	0	0	0
PCT7845	MV	0	0	0	0	0	0	0	0	0
PCT7845	ED	0	0	0	0	0	0	0	0	0
PCT7845	TO	0	0	0	0	0	0	0	0	0
PCT7846	MV	0	0	0	0	0	0	0	0	0
PCT7846	ED	0	0	0	0	0	0	0	0	0
PCT7846	TO	0	0	0	0	0	0	0	0	0
PCT7847	MV	0	0	0	0	0	0	0	0	0
PCT7847	ED	0	0	0	0	0	0	0	0	0
PCT7847	TO	0	0	0	0	0	0	0	0	0
PCT7848	MV	0	0	0	0	0	0	0	0	0
PCT7848	ED	0	0	0	0	0	0	0	0	0
PCT7848	TO	0	0	0	0	0	0	0	0	0
PCT7849	MV	0	0	0	0	0	0	0	0	0
PCT7849	ED	0	0	0	0	0	0	0	0	0
PCT7849	TO	0	0	0	0	0	0	0	0	0
PCT7851	MV	0	0	0	0	0	0	0	0	0
PCT7851	ED	0	0	0	0	0	0	0	0	0
PCT7851	TO	0	0	0	0	0	0	0	0	0
PCT7852	MV	0	0	0	0	0	0	0	0	0
PCT7852	ED	0	0	0	0	0	0	0	0	0
PCT7852	TO	0	0	0	0	0	0	0	0	0
PCT7853	MV	0	0	0	0	0	0	0	0	0
PCT7853	ED	0	0	0	0	0	0	0	0	0
PCT7853	TO	0	0	0	0	0	0	0	0	0
PCT7854	MV	0	0	0	0	0	0	0	0	0
PCT7854	ED	0	0	0	0	0	0	0	0	0
PCT7854	TO	0	0	0	0	0	0	0	0	0
PCT7855	MV	0	0	0	0	0	0	0	0	0
PCT7855	ED	0	0	0	0	0	0	0	0	0
PCT7855	TO	0	0	0	0	0	0	0	0	0
PCT7856	MV	0	0	0	0	0	0	0	0	0
PCT7856	ED	0	0	0	0	0	0	0	0	0
PCT7856	TO	0	0	0	0	0	0	0	0	0
PCT7857	MV	0	0	0	0	0	0	0	0	0
PCT7857	ED	0	0	0	0	0	0	0	0	0
PCT7857	TO	0	0	0	0	0	0	0	0	0
PCT7858	MV	0	0	0	0	0	0	0	0	0
PCT7858	ED	0	0	0	0	0	0	0	0	0
PCT7858	TO	0	0	0	0	0	0	0	0	0
PCT7859	MV	0	0	0	0	0	0	0	0	0
PCT7859	ED	0	0	0	0	0	0	0	0	0
PCT7859	TO	0	0	0	0	0	0	0	0	0
PCT7861	MV	0	0	0	0	0	0	0	0	0
PCT7861	ED	0	0	0	0	0	0	0	0	0
PCT7861	TO	0	0	0	0	0	0	0	0	0
PCT7862	MV	0	0	0	0	0	0	0	0	0
PCT7862	ED	0	0	0	0	0	0	0	0	0
PCT7862	TO	0	0	0	0	0	0	0	0	0
PCT7863	MV	0	0	0	0	0	0	0	0	0
PCT7863	ED	0	0	0	0	0	0	0	0	0
PCT7863	TO	0	0	0	0	0	0	0	0	0
PCT7864	MV	0	0	0	0	0	0	0	0	0
PCT7864	ED	0	0	0	0	0	0	0	0	0
PCT7864	TO	0	0	0	0	0	0	0	0	0
PCT7865	MV	0	0	0	0	0	0	0	0	0
PCT7865	ED	0	0	0	0	0	0	0	0	0
PCT7865	TO	0	0	0	0	0	0	0	0	0
PCT7866	MV	0	0	0	0	0	0	0	0	0
PCT7866	ED	0	0	0	0	0	0	0	0	0
PCT7866	TO	0	0	0	0	0	0	0	0	0
PCT7867	MV	0	0	0	0	0	0	0	0	0
PCT7867	ED	0	0	0	0	0	0	0	0	0
PCT7867	TO	0	0	0	0	0	0	0	0	0
PCT7868	MV	0	0	0	0	0	0	0	0	0
PCT7868	ED	0	0	0	0	0	0	0	0	0
PCT7868	TO	0	0	0	0	0	0	0	0	0
PCT7869	MV	0	0	0	0	0	0	0	0	0
PCT7869	ED	0	0	0	0	0	0	0	0	0
PCT7869	TO	0	0	0	0	0	0	0	0	0
PCT7871	MV	0	0	0	0	0	0	0	0	0
PCT7871	ED	0	0	0	0	0	0	0	0	0
PCT7871	TO	0	0	0	0	0	0	0	0	0
PCT7872	MV	0	0	0	0	0	0	0	0	0
PCT7872	ED	0	0	0	0	0	0	0	0	0
PCT7872	TO	0	0	0	0	0	0	0	0	0
PCT7873	MV	0	0	0	0	0	0	0	0	0
PCT7873	ED	0	0	0	0	0	0	0	0	0
PCT7873	TO	0	0	0	0	0	0	0	0	0
PCT7874	MV	0	0	0	0	0	0	0	0	0
PCT7874	ED	0	0	0	0	0	0	0	0	0
PCT7874	TO	0	0	0	0	0	0	0	0	0
PCT7875	MV	0	0	0	0	0	0	0	0	0
PCT7875	ED	0	0	0	0	0	0	0	0	0
PCT7875	TO	0	0	0	0	0	0	0	0	0
PCT7876	MV	0	0	0	0	0	0	0	0	0
PCT7876	ED	0	0	0	0	0	0	0	0	0
PCT7876	TO	0	0	0	0	0	0	0	0	0
PCT7901	MV	0	0	0	0	0	0	0	0	0
PCT7901	ED	0	0	0	0	0	0	0	0	0
PCT7901	TO	0	0	0	0	0	0	0	0	0
PCT7902	MV	0	0	0	0	0	0	0	0	0
PCT7902	ED	0	0	0	0	0	0	0	0	0
PCT7902	TO	0	0	0	0	0	0	0	0	0
PCT7903	MV	0	0	0	0	0	0	0	0	0
PCT7903	ED	0	0	0	0	0	0	0	0	0
PCT7903	TO	0	0	0	0	0	0	0	0	0
PCT7904	MV	0	0	0	0	0	0	0	0	0
PCT7904	ED	0	0	0	0	0	0	0	0	0
PCT7904	TO	0	0	0	0	0	0	0	0	0
PCT7905	MV	0	0	0	0	0	0	0	0	0
PCT7905	ED	0	0	0	0	0	0	0	0	0
PCT7905	TO	0	0	0	0	0	0	0	0	0
PCT7906	MV	0	0	0	0	0	0	0	0	0
PCT7906	ED	0	0	0	0	0	0	0	0	0
PCT7906	TO	0	0	0	0	0	0	0	0	0
PCT7907	MV	0	0	0	0	0	0	0	0	0
PCT7907	ED	0	0	0	0	0	0	0	0	0
PCT7907	TO	0	0	0	0	0	0	0	0	0
PCT7908	MV	0	0	0	0	0	0	0	0	0
PCT7908	ED	0	0	0	0	0	0	0	0	0
PCT7908	TO	0	0	0	0	0	0	0	0	0
PCT7909	MV	0	0	0	0	0	0	0	0	0
PCT7909	ED	0	0	0	0	0	0	0	0	0
PCT7909	TO	0	0	0	0	0	0	0	0	0
PCT7911	MV	0	0	0	0	0	0	0	0	0
PCT7911	ED	0	0	0	0	0	0	0	0	0
PCT7911	TO	0	0	0	0	0	0	0	0	0
PCT7912	MV	0	0	0	0	0	0	0	0	0
PCT7912	ED	0	0	0	0	0	0	0	0	0
PCT7912	TO	0	0	0	0	0	0	0	0	0
PCT7913	MV	0	0	0	0	0	0	0	0	0
PCT7913	ED	0	0	0	0	0	0	0	0	0
PCT7913	TO	0	0	0	0	0	0	0	0	0
PCT7914	MV	0	0	0	0	0	0	0	0	0
PCT7914	ED	0	0	0	0	0	0	0	0	0
PCT7914	TO	0	0	0	0	0	0	0	0	0
PCT7915	MV	0	0	0	0	0	0	0	0	0
PCT7915	ED	0	0	0	0	0	0	0	0	0
PCT7915	TO	0	0	0	0	0	0	0	0	0
PCT7916	MV	0	0	0	0	0	0	0	0	0
PCT7916	ED	0	0	0	0	0	0	0	0	0
PCT7916	TO	0	0	0	0	0	0	0	0	0
PCT7917	MV	0	0	0	0	0	0	0	0	0
PCT7917	ED	0	0	0	0	0	0	0	0	0
PCT7917	TO	0	0	0	0	0	0	0	0	0
PCT7918	MV	0	0	0	0	0	0	0	0	0
PCT7918	ED	0	0	0	0	0	0	0	0	0
PCT7918	TO	0	0	0	0	0	0	0	0	0
PCT7919	MV	0	0	0	0	0	0	0	0	0
PCT7919	ED	0	0	0	0	0	0	0	0	0
PCT7919	TO	0	0	0	0	0	0	0	0	0
PCT7921	MV	0	0	0	0	0	0	0	0	0
PCT7921	ED	0	0	0	0	0	0	0	0	0
PCT7921	TO	0	0	0	0	0	0	0	0	0
PCT7922	MV	0	0	0	0	0	0	0	0	0
PCT7922	ED	0	0	0	0	0	0	0	0	0
PCT7922	TO	0	0	0	0	0	0	0	0	0
PCT7923	MV	0	0	0	0	0	0	0	0	0
PCT7923	ED	0	0	0	0	0	0	0	0	0
PCT7923	TO	0	0	0	0	0	0	0	0	0
PCT7924	MV	0	0	0	0	0	0	0	0	0
PCT7924	ED	0	0	0	0	0	0	0	0	0
PCT7924	TO	0	0	0	0	0	0	0	0	0
PCT7925	MV	0	0	0	0	0	0	0	0	0
PCT7925	ED	0	0	0	0	0	0	0	0	0
PCT7925	TO	0	0	0	0	0	0	0	0	0
PCT7926	MV	0	0	0	0	0	0	0	0	0
PCT7926	ED	0	0	0	0	0	0	0	0	0
PCT7926	TO	0	0	0	0	0	0	0	0	0
PCT7927	MV	0	0	0	0	0	0	0	0	0
PCT7927	ED	0	0	0	0	0	0	0	0	0
PCT7927	TO	0	0	0	0	0	0	0	0	0
PCT7928	MV	0	0	0	0	0	0	0	0	0
PCT7928	ED	0	0	0	0	0	0	0	0	0
PCT7928	TO	0	0	0	0	0	0	0	0	0
PCT7929	MV	0	0	0	0	0	0	0	0	0
PCT7929	ED	0	0	0	0	0	0	0	0	0
PCT7929	TO	0	0	0	0	0	0	0	0	0
PCT7931	MV	0	0	0	0	0	0	0	0	0
PCT7931	ED	0	0	0	0	0	0	0	0	0
PCT7931	TO	0	0	0	0	0	0	0	0	0
PCT7932	MV	0	0	0	0	0	0	0	0	0
PCT7932	ED	0	0	0	0	0	0	0	0	0
PCT7932	TO	0	0	0	0	0	0	0	0	0
PCT7933	MV	0	0	0	0	0	0	0	0	0
PCT7933	ED	0	0	0	0	0	0	0	0	0
PCT7933	TO	0	0	0	0	0	0	0	0	0
PCT7934	MV	0	0	0	0	0	0	0	0	0
PCT7934	ED	0	0	0	0	0	0	0	0	0
PCT7934	TO	0	0	0	0	0	0	0	0	0
PCT7935	MV	0	0	0	0	0	0	0	0	0
PCT7935	ED	0	0	0	0	0	0	0	0	0
PCT7935	TO	0	0	0	0	0	0	0	0	0
PCT7936	MV	0	0	0	0	0	0	0	0	0
PCT7936	ED	0	0	0	0	0	0	0	0	0
PCT7936	TO	0	0	0	0	0	0	0	0	0
PCT7937	MV	0	0	0	0	0	0	0	0	0
PCT7937	ED	0	0	0	0	0	0	0	0	0
PCT7937	TO	0	0	0	0	0	0	0	0	0
PCT7938	MV	0	0	0	0	0	0	0	0	0
PCT7938	ED	0	0	0	0	0	0	0	0	0
PCT7938	TO	0	0	0	0	0	0	0	0	0
PCT7939	MV	0	0	0	0	0	0	0	0	0
PCT7939	ED	0	0	0	0	0	0	0	0	0
PCT7939	TO	0	0	0	0	0	0	0	0	0
PCT7941	MV	0	0	0	0	0	0	0	0	0
PCT7941	ED	0	0	0	0	0	0	0	0	0
PCT7941	TO	0	0	0	0	0	0	0	0	0
PCT7942	MV	0	0	0	0	0	0	0	0	0
PCT7942	ED	0	0	0	0	0	0	0	0	0
PCT7942	TO	0	0	0	0	0	0	0	0	0
PCT7943	MV	0	0	0	0	0	0	0	0	0
PCT7943	ED	0	0	0	0	0	0	0	0	0
PCT7943	TO	0	0	0	0	0	0	0	0	0
PCT7944	MV	0	0	0	0	0	0	0	0	0
PCT7944	ED	0	0	0	0	0	0	0	0	0
PCT7944	TO	0	0	0	0	0	0	0	0	0
PCT7945	MV	0	0	0	0	0	0	0	0	0
PCT7945	ED	0	0	0	0	0	0	0	0	0
PCT7945	TO	0	0	0	0	0	0	0	0	0
PCT7946	MV	0	0	0	0	0	0	0	0	0
PCT7946	ED	0	0	0	0	0	0	0	0	0
PCT7946	TO	0	0	0	0	0	0	0	0	0
PCT7947	MV	0	0	0	0	0	0	0	0	0
PCT7947	ED	0	0	0	0	0	0	0	0	0
PCT7947	TO	0	0	0	0	0	0	0	0	0
PCT7948	MV	0	0	0	0	0	0	0	0	0
PCT7948	ED	0	0	0	0	0	0	0	0	0
PCT7948	TO	0	0	0	0	0	0	0	0	0
PCT7949	MV	0	0	0	0	0	0	0	0	0
PCT7949	ED	0	0	0	0	0	0	0	0	0
PCT7949	TO	0	0	0	0	0	0	0	0	0
PCT7951	MV	0	0	0	0	0	0	0	0	0
PCT7951	ED	0	0	0	0	0	0	0	0	0
PCT7951	TO	0	0	0	0	0	0	0	0	0
PCT7952	MV	0	0	0	0	0	0	0	0	0
PCT7952	ED	0	0	0	0	0	0	0	0	0
PCT7952	TO	0	0	0	0	0	0	0	0	0
PCT7953	MV	0	0	0	0	0	0	0	0	0
PCT7953	ED	0	0	0	0	0	0	0	0	0
PCT7953	TO	0	0	0	0	0	0	0	0	0
PCT7954	MV	0	0	0	0	0	0	0	0	0
PCT7954	ED	0	0	0	0	0	0	0	0	0
PCT7954	TO	0	0	0	0	0	0	0	0	0
PCT7955	MV	0	0	0	0	0	0	0	0	0
PCT7955	ED	0	0	0	0	0	0	0	0	0
PCT7955	TO	0	0	0	0	0	0	0	0	0
PCT7956	MV	0	0	0	0	0	0	0	0	0
PCT7956	ED	0	0	0	0	0	0	0	0	0
PCT7956	TO	0	0	0	0	0	0	0	0	0
PCT7957	MV	0	0	0	0	0	0	0	0	0
PCT7957	ED	0	0	0	0	0	0	0	0	0
PCT7957	TO	0	0	0	0	0	0	0	0	0
PCT7958	MV	0	0	0	0	0	0	0	0	0
PCT7958	ED	0	0	0	0	0	0	0	0	0
PCT7958	TO	0	0	0	0	0	0	0	0	0
PCT7959	MV	0	0	0	0	0	0	0	0	0
PCT7959	ED	0	0	0	0	0	0	0	0	0
PCT7959	TO	0	0	0	0	0	0	0	0	0
PCT9900	MV	0	0	0	0	0	0	0	0	0
PCT9900	ED	0	0	0	0	0	0	0	0	0
PCT9900	TO	0	0	0	0	0	0	0	0	0
PCT9901	MV	0	0	0	0	0	0	0	0	0
PCT9901	ED	0	0	0	0	0	0	0	0	0
PCT9901	TO	0	0	0	0	0	0	0	0	0
PCT9902	MV	0	0	0	0	0	0	0	0	0
PCT9902	ED	0	0	0	0	0	0	0	0	0
PCT9902	TO	0	0	0	0	0	0	0	0	0
